,Character ID,Celebrity,FacePath,FrameFileName,TimeStamp
0,Face ID #0,Kate Winslet,PaddedFaces/img_000001_0.png,FramesSavedHere\img_000001.png,0:00:01
1,Face ID #0,Kate Winslet,PaddedFaces/img_000005_0.png,FramesSavedHere\img_000005.png,0:00:05
2,Face ID #0,Kate Winslet,PaddedFaces/img_000006_0.png,FramesSavedHere\img_000006.png,0:00:06
3,Face ID #0,Kate Winslet,PaddedFaces/img_000007_0.png,FramesSavedHere\img_000007.png,0:00:07
4,Face ID #0,Kate Winslet,PaddedFaces/img_000010_0.png,FramesSavedHere\img_000010.png,0:00:10
5,Face ID #0,Kate Winslet,PaddedFaces/img_000011_0.png,FramesSavedHere\img_000011.png,0:00:11
6,Face ID #0,Kate Winslet,PaddedFaces/img_000012_0.png,FramesSavedHere\img_000012.png,0:00:12
7,Face ID #0,Kate Winslet,PaddedFaces/img_000013_0.png,FramesSavedHere\img_000013.png,0:00:13
8,Face ID #0,Kate Winslet,PaddedFaces/img_000014_0.png,FramesSavedHere\img_000014.png,0:00:14
9,Face ID #0,Kate Winslet,PaddedFaces/img_000020_0.png,FramesSavedHere\img_000020.png,0:00:20
10,Face ID #0,Kate Winslet,PaddedFaces/img_000021_0.png,FramesSavedHere\img_000021.png,0:00:21
11,Face ID #0,Kate Winslet,PaddedFaces/img_000023_0.png,FramesSavedHere\img_000023.png,0:00:23
12,Face ID #0,Kate Winslet,PaddedFaces/img_000029_0.png,FramesSavedHere\img_000029.png,0:00:29
13,Face ID #0,Kate Winslet,PaddedFaces/img_000030_0.png,FramesSavedHere\img_000030.png,0:00:30
14,Face ID #0,Kate Winslet,PaddedFaces/img_000031_0.png,FramesSavedHere\img_000031.png,0:00:31
15,Face ID #0,Kate Winslet,PaddedFaces/img_000035_0.png,FramesSavedHere\img_000035.png,0:00:35
16,Face ID #0,Kate Winslet,PaddedFaces/img_000036_0.png,FramesSavedHere\img_000036.png,0:00:36
17,Face ID #0,Kate Winslet,PaddedFaces/img_000038_0.png,FramesSavedHere\img_000038.png,0:00:38
18,Face ID #0,Kate Winslet,PaddedFaces/img_000046_0.png,FramesSavedHere\img_000046.png,0:00:46
19,Face ID #0,Kate Winslet,PaddedFaces/img_000047_0.png,FramesSavedHere\img_000047.png,0:00:47
20,Face ID #0,Kate Winslet,PaddedFaces/img_000048_0.png,FramesSavedHere\img_000048.png,0:00:48
21,Face ID #0,Kate Winslet,PaddedFaces/img_000049_0.png,FramesSavedHere\img_000049.png,0:00:49
22,Face ID #0,Kate Winslet,PaddedFaces/img_000058_0.png,FramesSavedHere\img_000058.png,0:00:58
23,Face ID #0,Kate Winslet,PaddedFaces/img_000059_0.png,FramesSavedHere\img_000059.png,0:00:59
24,Face ID #0,Kate Winslet,PaddedFaces/img_000060_0.png,FramesSavedHere\img_000060.png,0:01:00
25,Face ID #0,Kate Winslet,PaddedFaces/img_000061_0.png,FramesSavedHere\img_000061.png,0:01:01
26,Face ID #0,Kate Winslet,PaddedFaces/img_000064_0.png,FramesSavedHere\img_000064.png,0:01:04
27,Face ID #0,Kate Winslet,PaddedFaces/img_000065_0.png,FramesSavedHere\img_000065.png,0:01:05
28,Face ID #0,Kate Winslet,PaddedFaces/img_000066_0.png,FramesSavedHere\img_000066.png,0:01:06
29,Face ID #0,Kate Winslet,PaddedFaces/img_000067_0.png,FramesSavedHere\img_000067.png,0:01:07
30,Face ID #0,Kate Winslet,PaddedFaces/img_000068_0.png,FramesSavedHere\img_000068.png,0:01:08
31,Face ID #0,Kate Winslet,PaddedFaces/img_000069_1.png,FramesSavedHere\img_000069.png,0:01:09
32,Face ID #0,Kate Winslet,PaddedFaces/img_000072_0.png,FramesSavedHere\img_000072.png,0:01:12
33,Face ID #0,Kate Winslet,PaddedFaces/img_000073_0.png,FramesSavedHere\img_000073.png,0:01:13
34,Face ID #0,Kate Winslet,PaddedFaces/img_000078_0.png,FramesSavedHere\img_000078.png,0:01:18
35,Face ID #0,Kate Winslet,PaddedFaces/img_000079_0.png,FramesSavedHere\img_000079.png,0:01:19
36,Face ID #0,Kate Winslet,PaddedFaces/img_000085_0.png,FramesSavedHere\img_000085.png,0:01:25
37,Face ID #0,Kate Winslet,PaddedFaces/img_000086_0.png,FramesSavedHere\img_000086.png,0:01:26
38,Face ID #0,Kate Winslet,PaddedFaces/img_000087_0.png,FramesSavedHere\img_000087.png,0:01:27
39,Face ID #0,Kate Winslet,PaddedFaces/img_000088_0.png,FramesSavedHere\img_000088.png,0:01:28
40,Face ID #0,Kate Winslet,PaddedFaces/img_000098_0.png,FramesSavedHere\img_000098.png,0:01:38
41,Face ID #0,Kate Winslet,PaddedFaces/img_000099_0.png,FramesSavedHere\img_000099.png,0:01:39
42,Face ID #0,Kate Winslet,PaddedFaces/img_000100_0.png,FramesSavedHere\img_000100.png,0:01:40
43,Face ID #0,Kate Winslet,PaddedFaces/img_000101_0.png,FramesSavedHere\img_000101.png,0:01:41
44,Face ID #0,Kate Winslet,PaddedFaces/img_000109_0.png,FramesSavedHere\img_000109.png,0:01:49
45,Face ID #0,Kate Winslet,PaddedFaces/img_000110_0.png,FramesSavedHere\img_000110.png,0:01:50
46,Face ID #0,Kate Winslet,PaddedFaces/img_000113_0.png,FramesSavedHere\img_000113.png,0:01:53
47,Face ID #0,Kate Winslet,PaddedFaces/img_000114_1.png,FramesSavedHere\img_000114.png,0:01:54
48,Face ID #0,Kate Winslet,PaddedFaces/img_000115_1.png,FramesSavedHere\img_000115.png,0:01:55
49,Face ID #0,Kate Winslet,PaddedFaces/img_000116_1.png,FramesSavedHere\img_000116.png,0:01:56
50,Face ID #0,Kate Winslet,PaddedFaces/img_000117_1.png,FramesSavedHere\img_000117.png,0:01:57
51,Face ID #0,Kate Winslet,PaddedFaces/img_000118_0.png,FramesSavedHere\img_000118.png,0:01:58
52,Face ID #0,Kate Winslet,PaddedFaces/img_000118_1.png,FramesSavedHere\img_000118.png,0:01:58
53,Face ID #0,Kate Winslet,PaddedFaces/img_000119_1.png,FramesSavedHere\img_000119.png,0:01:59
54,Face ID #0,Kate Winslet,PaddedFaces/img_000120_2.png,FramesSavedHere\img_000120.png,0:02:00
55,Face ID #1,Leonardo DiCaprio,PaddedFaces/img_000002_1.png,FramesSavedHere\img_000002.png,0:00:02
56,Face ID #1,Leonardo DiCaprio,PaddedFaces/img_000033_0.png,FramesSavedHere\img_000033.png,0:00:33
57,Face ID #1,Leonardo DiCaprio,PaddedFaces/img_000034_0.png,FramesSavedHere\img_000034.png,0:00:34
58,Face ID #1,Leonardo DiCaprio,PaddedFaces/img_000037_0.png,FramesSavedHere\img_000037.png,0:00:37
59,Face ID #1,Leonardo DiCaprio,PaddedFaces/img_000040_0.png,FramesSavedHere\img_000040.png,0:00:40
60,Face ID #1,Leonardo DiCaprio,PaddedFaces/img_000041_0.png,FramesSavedHere\img_000041.png,0:00:41
61,Face ID #1,Leonardo DiCaprio,PaddedFaces/img_000042_0.png,FramesSavedHere\img_000042.png,0:00:42
62,Face ID #1,Leonardo DiCaprio,PaddedFaces/img_000043_0.png,FramesSavedHere\img_000043.png,0:00:43
63,Face ID #1,Leonardo DiCaprio,PaddedFaces/img_000044_0.png,FramesSavedHere\img_000044.png,0:00:44
64,Face ID #1,Leonardo DiCaprio,PaddedFaces/img_000045_0.png,FramesSavedHere\img_000045.png,0:00:45
65,Face ID #1,Leonardo DiCaprio,PaddedFaces/img_000050_0.png,FramesSavedHere\img_000050.png,0:00:50
66,Face ID #1,Leonardo DiCaprio,PaddedFaces/img_000051_0.png,FramesSavedHere\img_000051.png,0:00:51
67,Face ID #1,Leonardo DiCaprio,PaddedFaces/img_000052_0.png,FramesSavedHere\img_000052.png,0:00:52
68,Face ID #1,Leonardo DiCaprio,PaddedFaces/img_000053_0.png,FramesSavedHere\img_000053.png,0:00:53
69,Face ID #1,Leonardo DiCaprio,PaddedFaces/img_000054_0.png,FramesSavedHere\img_000054.png,0:00:54
70,Face ID #1,Leonardo DiCaprio,PaddedFaces/img_000055_0.png,FramesSavedHere\img_000055.png,0:00:55
71,Face ID #1,Leonardo DiCaprio,PaddedFaces/img_000056_0.png,FramesSavedHere\img_000056.png,0:00:56
72,Face ID #1,Leonardo DiCaprio,PaddedFaces/img_000057_0.png,FramesSavedHere\img_000057.png,0:00:57
73,Face ID #1,Leonardo DiCaprio,PaddedFaces/img_000062_0.png,FramesSavedHere\img_000062.png,0:01:02
74,Face ID #1,Leonardo DiCaprio,PaddedFaces/img_000063_0.png,FramesSavedHere\img_000063.png,0:01:03
75,Face ID #1,Leonardo DiCaprio,PaddedFaces/img_000069_0.png,FramesSavedHere\img_000069.png,0:01:09
76,Face ID #1,Leonardo DiCaprio,PaddedFaces/img_000070_0.png,FramesSavedHere\img_000070.png,0:01:10
77,Face ID #1,Leonardo DiCaprio,PaddedFaces/img_000077_0.png,FramesSavedHere\img_000077.png,0:01:17
78,Face ID #1,Leonardo DiCaprio,PaddedFaces/img_000082_0.png,FramesSavedHere\img_000082.png,0:01:22
79,Face ID #1,Leonardo DiCaprio,PaddedFaces/img_000083_0.png,FramesSavedHere\img_000083.png,0:01:23
80,Face ID #1,Leonardo DiCaprio,PaddedFaces/img_000084_0.png,FramesSavedHere\img_000084.png,0:01:24
81,Face ID #1,Leonardo DiCaprio,PaddedFaces/img_000089_0.png,FramesSavedHere\img_000089.png,0:01:29
82,Face ID #1,Leonardo DiCaprio,PaddedFaces/img_000091_0.png,FramesSavedHere\img_000091.png,0:01:31
83,Face ID #1,Leonardo DiCaprio,PaddedFaces/img_000092_0.png,FramesSavedHere\img_000092.png,0:01:32
84,Face ID #1,Leonardo DiCaprio,PaddedFaces/img_000094_0.png,FramesSavedHere\img_000094.png,0:01:34
85,Face ID #1,Leonardo DiCaprio,PaddedFaces/img_000095_0.png,FramesSavedHere\img_000095.png,0:01:35
86,Face ID #1,Leonardo DiCaprio,PaddedFaces/img_000096_0.png,FramesSavedHere\img_000096.png,0:01:36
87,Face ID #1,Leonardo DiCaprio,PaddedFaces/img_000097_0.png,FramesSavedHere\img_000097.png,0:01:37
88,Face ID #1,Leonardo DiCaprio,PaddedFaces/img_000102_0.png,FramesSavedHere\img_000102.png,0:01:42
89,Face ID #1,Leonardo DiCaprio,PaddedFaces/img_000103_0.png,FramesSavedHere\img_000103.png,0:01:43
90,Face ID #1,Leonardo DiCaprio,PaddedFaces/img_000104_0.png,FramesSavedHere\img_000104.png,0:01:44
91,Face ID #1,Leonardo DiCaprio,PaddedFaces/img_000105_0.png,FramesSavedHere\img_000105.png,0:01:45
92,Face ID #1,Leonardo DiCaprio,PaddedFaces/img_000106_0.png,FramesSavedHere\img_000106.png,0:01:46
93,Face ID #1,Leonardo DiCaprio,PaddedFaces/img_000107_0.png,FramesSavedHere\img_000107.png,0:01:47
94,Face ID #1,Leonardo DiCaprio,PaddedFaces/img_000108_0.png,FramesSavedHere\img_000108.png,0:01:48
95,Face ID #1,Leonardo DiCaprio,PaddedFaces/img_000111_0.png,FramesSavedHere\img_000111.png,0:01:51
96,Face ID #1,Leonardo DiCaprio,PaddedFaces/img_000114_0.png,FramesSavedHere\img_000114.png,0:01:54
97,Face ID #1,Leonardo DiCaprio,PaddedFaces/img_000115_0.png,FramesSavedHere\img_000115.png,0:01:55
98,Face ID #1,Leonardo DiCaprio,PaddedFaces/img_000116_0.png,FramesSavedHere\img_000116.png,0:01:56
99,Face ID #1,Leonardo DiCaprio,PaddedFaces/img_000117_0.png,FramesSavedHere\img_000117.png,0:01:57
100,Face ID #2,unidentified person,PaddedFaces/img_000119_0.png,FramesSavedHere\img_000119.png,0:01:59
101,Face ID #2,unidentified person,PaddedFaces/img_000120_0.png,FramesSavedHere\img_000120.png,0:02:00
102,Face ID #2,unidentified person,PaddedFaces/img_000125_0.png,FramesSavedHere\img_000125.png,0:02:05
103,Face ID #2,unidentified person,PaddedFaces/img_000127_1.png,FramesSavedHere\img_000127.png,0:02:07
104,Not Clustered Faces,unknown,PaddedFaces/img_000001_1.png,FramesSavedHere\img_000001.png,0:00:01
105,Not Clustered Faces,unknown,PaddedFaces/img_000002_0.png,FramesSavedHere\img_000002.png,0:00:02
106,Not Clustered Faces,unknown,PaddedFaces/img_000017_0.png,FramesSavedHere\img_000017.png,0:00:17
107,Not Clustered Faces,unknown,PaddedFaces/img_000032_0.png,FramesSavedHere\img_000032.png,0:00:32
108,Not Clustered Faces,unknown,PaddedFaces/img_000038_1.png,FramesSavedHere\img_000038.png,0:00:38
109,Not Clustered Faces,unknown,PaddedFaces/img_000039_0.png,FramesSavedHere\img_000039.png,0:00:39
110,Not Clustered Faces,unknown,PaddedFaces/img_000071_0.png,FramesSavedHere\img_000071.png,0:01:11
111,Not Clustered Faces,unknown,PaddedFaces/img_000076_0.png,FramesSavedHere\img_000076.png,0:01:16
112,Not Clustered Faces,unknown,PaddedFaces/img_000080_0.png,FramesSavedHere\img_000080.png,0:01:20
113,Not Clustered Faces,unknown,PaddedFaces/img_000081_0.png,FramesSavedHere\img_000081.png,0:01:21
114,Not Clustered Faces,unknown,PaddedFaces/img_000090_0.png,FramesSavedHere\img_000090.png,0:01:30
115,Not Clustered Faces,unknown,PaddedFaces/img_000093_0.png,FramesSavedHere\img_000093.png,0:01:33
116,Not Clustered Faces,unknown,PaddedFaces/img_000120_1.png,FramesSavedHere\img_000120.png,0:02:00
117,Not Clustered Faces,unknown,PaddedFaces/img_000123_0.png,FramesSavedHere\img_000123.png,0:02:03
118,Not Clustered Faces,unknown,PaddedFaces/img_000123_1.png,FramesSavedHere\img_000123.png,0:02:03
119,Not Clustered Faces,unknown,PaddedFaces/img_000126_0.png,FramesSavedHere\img_000126.png,0:02:06
120,Not Clustered Faces,unknown,PaddedFaces/img_000126_1.png,FramesSavedHere\img_000126.png,0:02:06
121,Not Clustered Faces,unknown,PaddedFaces/img_000127_0.png,FramesSavedHere\img_000127.png,0:02:07
122,Not Clustered Faces,unknown,PaddedFaces/img_000128_0.png,FramesSavedHere\img_000128.png,0:02:08
123,Not Clustered Faces,unknown,PaddedFaces/img_000130_0.png,FramesSavedHere\img_000130.png,0:02:10
